--
-- Dumping data for table `customer`
--
 
INSERT INTO `customer` (`cust_id`, `cust_name`, `cust_gender`, `cust_phoneno`, `cust_email`) VALUES
(101, 'Ahmad bin Hassan', 'M', '0123456789', 'ahmad.hassan@gmail.com'),
(102, 'Siti Nurhaliza', 'F', '0198765432', 'siti.nur@yahoo.com'),
(103, 'Muhammad Hafiz', 'M', '0167894561', 'hafiz.m@gmail.com'),
(104, 'Nur Aisyah', 'F', '0134567890', 'aisyah.nur@outlook.com'),
(105, 'Azman bin Osman', 'M', '0145678901', 'azman.osman@hotmail.com'),
(106, 'Nurul Ain', 'F', '0156789012', 'nurul.ain@gmail.com'),
(107, 'Khairul Anwar', 'M', '0187890123', 'khairul.a@yahoo.com'),
(108, 'Fatimah Zahra', 'F', '0129012345', 'fatimah.z@outlook.com'),
(109, 'Mohd Faiz', 'M', '0178901234', 'faiz.mohd@gmail.com'),
(110, 'Zainab binti Ali', 'F', '0169012345', 'zainab.ali@hotmail.com'),
(111, 'Ismail bin Ahmad', 'M', '0190123456', 'ismail.ahmad@yahoo.com'),
(112, 'Aishah Maisarah', 'F', '0121234567', 'aishah.m@gmail.com'),
(113, 'Haris Fadhilah', 'M', '0132345678', 'haris.f@outlook.com'),
(114, 'Sarah binti Abdullah', 'F', '0143456789', 'sarah.abdullah@gmail.com'),
(115, 'Razak bin Hamid', 'M', '0154567890', 'razak.hamid@yahoo.com'),
(116, 'Amirul Hakim', 'M', '0172345678', 'amirul.hakim@uitm.edu.my'),
(117, 'Nadira Syafinaz', 'F', '0128765432', 'nadira.syafinaz@uitm.edu.my'),
(118, 'Fikri Azlan', 'M', '0193456789', 'fikri.azlan@gmail.com'),
(119, 'Hani Binti Rosli', 'F', '0135678901', 'hani.rosli@uitm.edu.my'),
(120, 'Aizat Bin Zainal', 'M', '0146789012', 'aizat.zainal@hotmail.com');
 
--
-- Dumping data for table `employee`
--
 
INSERT INTO `employee` (`emp_id`, `emp_name`, `emp_role`, `emp_phoneno`, `emp_status`, `emp_startdate`, `emp_workhours`, `emp_certifications`, `emp_salary`) VALUES
(1, 'Muhammad Zulfadli', 'Manager', '0128457391', 'Active', '2022-05-18', 9.00, 'Bachelors Degree in Business Administration', 6500.00),
(2, 'Nurul Aini', 'Assistant Manager 1', '0137682945', 'Active', '2022-05-20', 8.00, 'Diploma in Retail Management', 3200.00),
(3, 'Hassan', 'Assistant Manager 2', '0145938267', 'Active', '2022-06-02', 8.00, 'Certificate in Customer Service & POS Systems', 3200.00),
(4, 'Hussin', 'Supervisor', '0116748392', 'Active', '2023-03-21', 8.00, 'Certificate in Retail Supervision', 2600.00),
(5, 'Farah Adilah', 'Accountant', '0163829457', 'Active', '2024-12-09', 8.00, 'Diploma in Accounting', 2400.00),
(6, 'Nurul Syafie', 'Part-Time Staff', '0174928365', 'Active', '2025-08-30', 7.00, 'Malaysian Certificate of Education', 1200.00);
 
--
-- Dumping data for table `delivery`
--
 
INSERT INTO `delivery` (`delivery_id`, `delivery_datetime`, `delivery_total`, `delivery_quantity`, `supp_id`, `stock_id`) VALUES
(501, '2025-11-01 09:00:00', 1500.00, 100, 101, 301),
(502, '2025-11-03 10:30:00', 850.50, 50, 102, 302),
(503, '2025-11-05 08:45:00', 2100.00, 300, 103, 303),
(504, '2025-11-07 11:15:00', 450.00, 90, 104, 304),
(505, '2025-11-20 14:00:00', 350.00, 35, 901, 305),
(506, '2025-11-22 09:30:00', 180.00, 18, 902, 306),
(507, '2025-11-25 13:00:00', 500.00, 50, 907, 307),
(508, '2025-12-01 08:00:00', 3200.00, 200, 101, 308),
(509, '2025-12-03 15:45:00', 95.00, 10, 903, 309),
(510, '2025-12-12 10:00:00', 400.00, 80, 103, 310),
(511, '2025-11-02 11:00:00', 1500.00, 120, 111, 311),
(512, '2025-11-04 09:15:00', 850.20, 60, 112, 312),
(513, '2025-11-06 14:30:00', 2100.00, 150, 113, 313),
(514, '2025-11-08 08:30:00', 450.00, 45, 114, 314),
(515, '2025-12-02 16:00:00', 3200.00, 100, 105, 315),
(516, '2025-12-13 11:20:00', 400.00, 40, 115, 316),
(517, '2025-11-26 09:00:00', 500.00, 25, 112, 317),
(518, '2025-11-21 10:45:00', 350.00, 10, 901, 318),
(519, '2025-11-22 13:15:00', 350.00, 200, 904, 319),
(520, '2025-11-30 08:30:00', 250.00, 100, 109, 320),
(521, '2025-12-04 09:00:00', 3200.00, 400, 121, 321),
(522, '2025-12-14 14:30:00', 400.00, 20, 122, 322),
(523, '2025-12-05 10:15:00', 94.95, 15, 123, 323),
(524, '2025-12-20 08:00:00', 800.00, 80, 201, 324),
(525, '2025-12-01 11:00:00', 250.00, 50, 202, 325);
 
--
-- Dumping data for table `expense`
--
 
INSERT INTO `expense` (`exp_id`, `exp_date`, `exp_amount`, `exp_type`, `exp_status`, `exp_category`, `exp_desc`, `emp_id`) VALUES
(1, '2025-11-01', 1500.00, 'Purchase', 'Paid', 'Inventory', 'Restock of Ayam Brand and Maggi products', 1),
(2, '2025-11-03', 850.50, 'Purchase', 'Paid', 'Inventory', 'Weekly dairy supply from Dutch Lady', 2),
(3, '2025-11-05', 2100.00, 'Purchase', 'Pending', 'Inventory', 'Bulk purchase of beverages from Coca Cola', 1),
(4, '2025-11-07', 450.00, 'Purchase', 'Paid', 'Supplies', 'Restock of stationery and paper products', 3),
(5, '2025-11-10', 1200.00, 'Fixed', 'Paid', 'Utilities', 'TNB Electricity bill for November', 4),
(6, '2025-11-10', 150.20, 'Fixed', 'Paid', 'Utilities', 'Syabas Water bill for November', 4),
(7, '2025-11-12', 300.00, 'Fixed', 'Paid', 'Utilities', 'Unifi Business Broadband subscription', 4),
(8, '2025-11-15', 75.00, 'Claim', 'Paid', 'Transport', 'Petrol claim for supplier meeting', 5),
(9, '2025-11-16', 120.00, 'Claim', 'Approved', 'Meal', 'Client lunch meeting at Old Town White Coffee', 5),
(10, '2025-11-18', 45.00, 'Claim', 'Paid', 'Parking', 'Site visit parking fees', 6),
(11, '2025-11-20', 350.00, 'Variable', 'Paid', 'Maintenance', 'Repairs for store front sliding door', 2),
(12, '2025-11-22', 180.00, 'Variable', 'Paid', 'Cleaning', 'Professional pest control service', 2),
(13, '2025-11-25', 500.00, 'Variable', 'Pending', 'Maintenance', 'Air-conditioning servicing (3 units)', 1),
(14, '2025-11-28', 1000.00, 'Variable', 'Paid', 'Marketing', 'Printing of promotional flyers and banners', 3),
(15, '2025-11-30', 250.00, 'Variable', 'Paid', 'Staff Welfare', 'Monthly pantry supplies and staff snacks', 6),
(16, '2025-12-01', 3200.00, 'Purchase', 'Paid', 'Inventory', 'Holiday season bulk stock - Snacks & Sweets', 1),
(17, '2025-12-02', 150.00, 'Claim', 'Pending', 'Postage', 'Shipping costs for corporate gifts', 3),
(18, '2025-12-03', 95.00, 'Variable', 'Paid', 'Supplies', 'Replacement of cleaning tools (mops/buckets)', 2),
(19, '2025-12-05', 1350.00, 'Fixed', 'Pending', 'Rent', 'Monthly warehouse storage fee', 4),
(20, '2025-12-07', 60.00, 'Claim', 'Paid', 'Communication', 'Monthly mobile phone allowance - Sales Team', 5),
(21, '2025-12-10', 220.00, 'Variable', 'Paid', 'Safety', 'Refilling of fire extinguishers', 2),
(22, '2025-12-12', 400.00, 'Purchase', 'Paid', 'Inventory', 'Emergency restock of Gardenia bread', 1),
(23, '2025-12-15', 125.50, 'Claim', 'Approved', 'Transport', 'Grab car fares for documents delivery', 6),
(24, '2025-12-18', 55.00, 'Variable', 'Paid', 'Bank Fees', 'Annual corporate account maintenance fee', 4),
(25, '2025-12-20', 800.00, 'Variable', 'Pending', 'Marketing', 'Social media advertisement boost', 3);
 
--
-- Dumping data for table `payment`
--
 
INSERT INTO `payment` (`pay_id`, `pay_method`, `pay_amount`, `pay_date`, `pay_status`, `supp_id`, `emp_id`) VALUES
(401, 'Bank Transfer', 1500.00, '2025-11-02', 'Completed', 101, 1),
(402, 'QR', 850.50, '2025-11-04', 'Completed', 102, 2),
(403, 'Bank Transfer', 2100.00, '2025-11-06', 'Pending', 103, 1),
(404, 'Credit Card', 450.00, '2025-11-08', 'Completed', 104, 3),
(405, 'Bank Transfer', 1200.00, '2025-11-10', 'Completed', 107, 4),
(406, 'QR', 500.00, '2025-11-12', 'Completed', 201, 2),
(407, 'Bank Transfer', 350.00, '2025-11-14', 'Completed', 301, 1),
(408, 'Bank Transfer', 180.00, '2025-11-15', 'Completed', 302, 2),
(409, 'Credit Card', 95.00, '2025-11-16', 'Completed', 305, 3),
(410, 'Bank Transfer', 600.00, '2025-11-18', 'Pending', 306, 4),
(411, 'Bank Transfer', 1350.00, '2025-11-20', 'Completed', 901, 4),
(412, 'QR', 400.00, '2025-11-22', 'Completed', 902, 5),
(413, 'Credit Card', 220.00, '2025-11-24', 'Completed', 904, 2),
(414, 'Bank Transfer', 55.00, '2025-11-26', 'Completed', 911, 4),
(415, 'Cash', 150.00, '2025-11-28', 'Completed', 913, 3),
(416, 'Bank Transfer', 3200.00, '2025-12-01', 'Completed', 101, 1),
(417, 'QR', 800.00, '2025-12-03', 'Pending', 109, 3),
(418, 'Bank Transfer', 125.50, '2025-12-05', 'Completed', 120, 6),
(419, 'Credit Card', 440.00, '2025-12-07', 'Completed', 121, 5),
(420, 'Bank Transfer', 900.00, '2025-12-10', 'Completed', 205, 4),
(421, 'QR', 1100.00, '2025-12-12', 'Completed', 401, 1),
(422, 'Bank Transfer', 75.00, '2025-12-14', 'Completed', 601, 5),
(423, 'Cash', 30.00, '2025-12-15', 'Completed', 701, 6),
(424, 'Bank Transfer', 500.00, '2025-12-18', 'Pending', 801, 2),
(425, 'Credit Card', 250.00, '2025-12-20', 'Completed', 941, 3);
 
--
-- Dumping data for table `product`
--
 
INSERT INTO `product` (`prod_id`, `prod_name`, `prod_category`, `prod_brand`, `prod_costprice`, `prod_sellprice`) VALUES
(1, 'Sardine in Tomato 425g', 'Canned Food', 'Ayam Brand', 3.50, 5.00),
(2, 'Tuna Chunk 185g', 'Canned Food', 'Ayam Brand', 4.00, 5.50),
(3, 'Sweetened Condensed Milk 390g', 'Canned Food', 'Marigold', 2.80, 4.00),
(4, 'Tomato Sauce 340g', 'Canned Food', 'Maggi', 3.00, 4.20),
(5, 'Baked Beans 230g', 'Canned Food', 'Ayam Brand', 3.50, 5.00),
(6, 'Sardine in Tomato 230g', 'Canned Food', 'King Cup', 2.50, 3.50),
(7, 'Fresh Milk 1L', 'Canned Food', 'Farm Fresh', 5.00, 7.00),
(8, 'Peach Slices 825g', 'Canned Food', 'Delmonte', 6.00, 8.50),
(9, 'Sweet Corn 340g', 'Canned Food', 'Ayam Brand', 3.00, 4.50),
(10, 'Oyster Sauce 510g', 'Canned Food', 'Lee Kum Kee', 5.00, 7.00),
(11, 'Fresh Milk 1L', 'Dairy', 'Dutch Lady', 5.50, 7.50),
(12, 'Milk Powder 900g', 'Dairy', 'Anlene', 22.00, 28.00),
(13, 'Yogurt 130g', 'Dairy', 'Nestle', 1.80, 2.50),
(14, 'Butter 250g', 'Dairy', 'Buttercup', 4.50, 6.00),
(15, 'Cheddar Cheese 180g', 'Dairy', 'Kraft', 8.00, 11.00),
(16, 'Fresh Milk 1L', 'Dairy', 'Farm Fresh', 6.50, 9.00),
(17, 'Cream Cheese 250g', 'Dairy', 'Philadelphia', 10.00, 14.00),
(18, 'Cultured Milk 5 pack', 'Dairy', 'Vitagen', 4.00, 5.50),
(19, 'Teh Tarik 15 sachets', 'Beverages', 'Karak Wangi', 3.00, 4.50),
(20, 'Black Coffee 20 sachets', 'Beverages', 'Old Town', 6.00, 8.50),
(21, 'Chocolate Malt Drink 1kg', 'Beverages', 'Milo', 18.00, 24.00),
(22, '3in1 Coffee 20 sachets', 'Beverages', 'Nescafe', 7.50, 10.00),
(23, 'Mineral Water 1.5L', 'Beverages', 'Spritzer', 1.00, 1.50),
(24, 'Soy Bean Drink 1L', 'Beverages', 'Drinho', 2.00, 3.00),
(25, 'Blackcurrant Cordial 2L', 'Beverages', 'Ribena', 8.00, 11.00),
(26, 'Carbonated Drink 325ml', 'Beverages', 'Coca Cola', 1.50, 2.00),
(27, 'Isotonic Drink 1.5L', 'Beverages', '100 Plus', 2.50, 3.50),
(28, 'Rose Syrup 500ml', 'Beverages', 'Hales', 3.00, 4.50),
(29, 'Malted Drink 500g', 'Beverages', 'Horlicks', 15.00, 20.00),
(30, 'Curry Flavour Noodles 5 pack', 'Instant Noodles', 'Maggi', 3.50, 5.00),
(31, 'Asam Laksa Noodles 5 pack', 'Instant Noodles', 'Maggi', 3.50, 5.00),
(32, 'Fried Noodles 5 pack', 'Instant Noodles', 'Mee Sedap', 3.00, 4.50),
(33, 'Cup Noodles 60g', 'Instant Noodles', 'Cintan', 1.50, 2.00),
(34, 'Fried Noodles 5 pack', 'Instant Noodles', 'Indomie', 3.80, 5.50),
(35, 'Tom Yam Noodles 5 pack', 'Instant Noodles', 'Maggi', 3.50, 5.00),
(36, 'Curry Noodles 5 pack', 'Instant Noodles', 'Mee Sedap', 3.00, 4.50),
(37, 'Spicy Noodles Cup', 'Instant Noodles', 'Samyang', 4.00, 6.00),
(38, 'Fish Crackers 150g', 'Snacks', 'Rota', 3.00, 4.50),
(39, 'Monster Snack', 'Snacks', 'Mamee', 0.30, 0.50),
(40, 'Cheese Twists 60g', 'Snacks', 'Twisties', 2.00, 3.00),
(41, 'Onion Ring Snack 60g', 'Snacks', 'Super Ring', 2.00, 3.00),
(42, 'Marie Biscuits 380g', 'Snacks', 'Julie', 3.50, 5.00),
(43, 'Cream Crackers 300g', 'Snacks', 'Hup Seng', 3.00, 4.50),
(44, 'Tiger Biscuits 180g', 'Snacks', 'Julie', 2.50, 3.50),
(45, 'Frozen Paratha 5 pack', 'Snacks', 'Kawan', 3.50, 5.00),
(46, 'Sandwich Biscuits 200g', 'Snacks', 'Munchy', 3.00, 4.50),
(47, 'Soy Sauce 645ml', 'Condiments', 'Habhal', 3.50, 5.00),
(48, 'Chilli Sauce 340g', 'Condiments', 'Life', 2.50, 3.50),
(49, 'Cooking Vinegar 325ml', 'Condiments', 'Agricare', 2.00, 3.00),
(50, 'Fine Salt 500g', 'Condiments', 'Cap Payung', 1.00, 1.50),
(51, 'White Sugar 1kg', 'Condiments', 'MSM', 2.80, 3.50),
(52, 'Sweet Soy Sauce 645ml', 'Condiments', 'Cap Kipas Udang', 4.00, 5.50),
(53, 'BBQ Sauce 340g', 'Condiments', 'Maggi', 3.50, 5.00),
(54, 'Mayonnaise 470ml', 'Condiments', 'Lady Choice', 5.00, 7.00),
(55, 'Curry Powder 250g', 'Spices', 'Adabi', 4.00, 6.00),
(56, 'Black Pepper Powder 50g', 'Spices', 'Adabi', 3.00, 4.50),
(57, 'Soup Spices 250g', 'Spices', 'Adabi', 3.50, 5.00),
(58, 'Turmeric Powder 100g', 'Spices', 'Babas', 2.50, 3.50),
(59, 'Ginger Powder 100g', 'Spices', 'Adabi', 3.00, 4.50),
(60, 'Chilli Powder 100g', 'Spices', 'Adabi', 3.50, 5.00),
(61, 'Fried Shallots 100g', 'Spices', 'Adabi', 4.00, 6.00),
(62, 'Grade A Eggs 10 pcs', 'Eggs', 'CP', 5.00, 6.50),
(63, 'Grade B Eggs 10 pcs', 'Eggs', 'Lay Hong', 4.00, 5.50),
(64, 'Omega Eggs 10 pcs', 'Eggs', 'CP', 6.00, 8.00),
(65, 'White Bread 400g', 'Bread', 'Gardenia', 2.30, 3.00),
(66, 'Kaya Bread 200g', 'Bread', 'Massimo', 2.00, 2.80),
(67, 'Wholemeal Bread 400g', 'Bread', 'Gardenia', 2.50, 3.20),
(68, 'Butterscotch Bread 400g', 'Bread', 'Massimo', 2.60, 3.50),
(69, 'Donuts 6 pack', 'Bread', 'Big Apple', 5.00, 7.00),
(70, 'Chicken Nuggets 500g', 'Frozen', 'Ramly', 8.00, 11.00),
(71, 'Sausages 340g', 'Frozen', 'Ramly', 5.50, 7.50),
(72, 'Beef Burger 560g', 'Frozen', 'Ramly', 9.00, 12.50),
(73, 'Chicken Franks 340g', 'Frozen', 'Ayamas', 6.00, 8.50),
(74, 'Fish Cake 500g', 'Frozen', 'Ramly', 7.00, 10.00),
(75, 'Fish Nuggets 500g', 'Frozen', 'Ramly', 8.50, 12.00),
(76, 'Vanilla Ice Cream 1L', 'Ice Cream', 'Walls', 8.00, 12.00),
(77, 'Chocolate Ice Cream 1L', 'Ice Cream', 'Walls', 8.00, 12.00),
(78, 'Neapolitan Ice Cream 1L', 'Ice Cream', 'King', 7.00, 10.00),
(79, 'Ice Cream Cone', 'Ice Cream', 'Cornetto', 2.00, 3.00),
(80, 'Ice Cream Sandwich', 'Ice Cream', 'Paddle Pop', 1.50, 2.50),
(81, 'Ice Cream Stick', 'Ice Cream', 'Walls', 1.00, 1.50),
(82, 'Dishwashing Liquid 900ml', 'Cleaning', 'Mama Lemon', 3.50, 5.00),
(83, 'Detergent Powder 2.5kg', 'Cleaning', 'Breeze', 12.00, 16.00),
(84, 'Floor Cleaner 2L', 'Cleaning', 'Mr Muscle', 8.00, 11.00),
(85, 'Hand Soap 500ml', 'Cleaning', 'Dettol', 6.00, 8.50),
(86, 'Wet Wipes 50s', 'Cleaning', 'Watsons', 3.00, 4.50),
(87, 'Fabric Softener 2L', 'Cleaning', 'Softlan', 9.00, 12.50),
(88, 'Glass Cleaner 500ml', 'Cleaning', 'Magiclean', 5.00, 7.00),
(89, 'Bar Soap 4 pack', 'Toiletries', 'Lux', 4.00, 6.00),
(90, 'Shampoo 340ml', 'Toiletries', 'Rejoice', 8.50, 11.50),
(91, 'Toothpaste 225g', 'Toiletries', 'Colgate', 5.00, 7.00),
(92, 'Toothbrush', 'Toiletries', 'Oral-B', 3.00, 4.50),
(93, 'Facial Wash 100g', 'Toiletries', 'Olay', 9.00, 12.50),
(94, 'Body Powder 200g', 'Toiletries', 'Hazeline', 6.00, 8.50),
(95, 'Deodorant Spray 150ml', 'Toiletries', 'Rexona', 7.00, 10.00),
(96, 'Shower Gel 500ml', 'Toiletries', 'Dettol', 8.00, 11.00),
(97, 'Hair Conditioner 340ml', 'Toiletries', 'Rejoice', 8.50, 11.50),
(98, 'Facial Tissue 2 pack', 'Paper Products', 'Kleenex', 4.00, 5.50),
(99, 'Toilet Roll 10 pack', 'Paper Products', 'Scott', 12.00, 16.00),
(100, 'Kitchen Towel 2 rolls', 'Paper Products', 'Marigold', 5.00, 7.00),
(101, 'Baby Diapers M 30s', 'Baby Products', 'Drypers', 18.00, 24.00),
(102, 'Baby Powder 400g', 'Baby Products', 'Johnson', 8.00, 11.00),
(103, 'Baby Wipes 80s', 'Baby Products', 'Pureen', 6.00, 8.50),
(104, 'Baby Lotion 200ml', 'Baby Products', 'Johnson', 7.00, 10.00),
(105, 'Ballpoint Pen Blue', 'Stationery', 'Pilot', 1.00, 1.50),
(106, 'Pencil 2B', 'Stationery', 'Faber Castell', 0.80, 1.20),
(107, 'Exercise Book 80 pages', 'Stationery', 'Campus', 1.50, 2.50),
(108, 'A4 Paper 500 sheets', 'Stationery', 'Paper One', 12.00, 16.00),
(109, 'Eraser', 'Stationery', 'Faber Castell', 0.50, 1.00),
(110, 'Ruler 30cm', 'Stationery', 'Butterfly', 1.00, 1.50),
(111, 'Correction Tape', 'Stationery', 'Kores', 2.00, 3.00),
(112, 'Paracetamol 10 tablets', 'Medicine', 'Panadol', 3.00, 4.50),
(113, 'Cooling Powder 50g', 'Medicine', 'Axe Brand', 4.00, 6.00),
(114, 'Medicated Oil 28ml', 'Medicine', 'Minyak Gamat', 5.00, 7.50),
(115, 'Plasters 10 strips', 'Medicine', 'Hansaplast', 2.50, 3.50),
(116, 'Antiseptic Cream 25g', 'Medicine', 'Betadine', 4.50, 6.50),
(117, 'Throat Lozenges', 'Medicine', 'Strepsils', 3.00, 4.50),
(118, 'Chocolate Bar 40g', 'Sweets', 'Cadbury', 2.00, 3.00),
(119, 'Mint Candy', 'Sweets', 'Polo', 0.80, 1.20),
(120, 'Chewy Candy', 'Sweets', 'Mentos', 1.50, 2.00),
(121, 'Chocolate Stick', 'Sweets', 'Choki Choki', 0.50, 0.80),
(122, 'Coffee Candy', 'Sweets', 'Kopiko', 1.00, 1.50),
(123, 'Floor Broom', 'Household', 'Lion Star', 5.00, 7.50),
(124, 'Garbage Bags 20s', 'Household', 'Kuat', 2.50, 3.50),
(125, 'Scrubbing Sponge 3s', 'Household', 'Scotch Brite', 3.00, 4.50),
(126, 'Toilet Bowl Cleaner 500ml', 'Household', 'Harpic', 6.00, 8.50),
(127, 'Insect Spray 600ml', 'Household', 'Ridsect', 8.00, 11.00),
(128, 'Mosquito Coil 10 pcs', 'Household', 'Ridsect', 2.50, 3.50),
(129, 'Plastic Bucket', 'Household', 'Lion Star', 8.00, 11.00),
(130, 'Food Container 1L', 'Household', 'Claris', 5.00, 7.50),
(131, 'Water Bottle 1L', 'Household', 'Lock & Lock', 6.00, 9.00),
(132, 'Clothes Hanger 10s', 'Household', 'Lion Star', 4.00, 6.00),
(133, 'Mop with Handle', 'Household', 'Kleeno', 15.00, 20.00),
(134, 'Dustpan Set', 'Household', 'Lion Star', 6.00, 9.00),
(135, 'Laundry Basket', 'Household', 'Claris', 10.00, 14.00),
(136, 'Dish Cloth 3 pack', 'Household', 'Scotch Brite', 3.50, 5.00),
(137, 'Rubber Gloves', 'Household', 'Marigold', 4.00, 6.00),
(138, 'Aluminum Foil 10m', 'Household', 'Diamond', 4.00, 6.00),
(139, 'Cling Wrap 30m', 'Household', 'Glad', 3.50, 5.00);
 
--
-- Dumping data for table `sales`
--
 
INSERT INTO `sales` (`sales_id`, `sales_datetime`, `sales_pos`, `sales_totamount`, `sales_discounts`, `sales_finaltotal`, `sales_status`, `emp_id`, `prod_id`, `cust_id`) VALUES
(901, '2025-11-01 10:15:00', 'Register 1', 45.00, 0.00, 45.00, 'Completed', 1, 23, 102),
(902, '2025-11-01 11:30:00', 'Register 2', 120.50, 5.50, 115.00, 'Completed', 2, 121, 110),
(903, '2025-11-01 14:45:00', 'Register 1', 15.00, 0.00, 15.00, 'Completed', 1, 105, 119),
(904, '2025-11-02 09:20:00', 'Mobile Tablet', 85.00, 10.00, 75.00, 'Completed', 3, 11, 120),
(905, '2025-11-02 12:05:00', 'Register 2', 32.00, 0.00, 32.00, 'Completed', 2, 26, 101),
(906, '2025-11-03 16:40:00', 'Register 1', 55.20, 2.20, 53.00, 'Completed', 1, 89, 101),
(907, '2025-11-03 18:10:00', 'Register 1', 10.00, 0.00, 10.00, 'Cancelled', 4, 45, 115),
(908, '2025-11-04 11:00:00', 'Register 2', 200.00, 20.00, 180.00, 'Completed', 2, 101, 114),
(909, '2025-11-04 13:25:00', 'Mobile Tablet', 65.00, 5.00, 60.00, 'Completed', 3, 21, 106),
(910, '2025-11-05 15:50:00', 'Register 1', 42.00, 0.00, 42.00, 'Completed', 5, 99, 109),
(911, '2025-11-06 10:05:00', 'Register 2', 25.00, 0.00, 25.00, 'Completed', 2, 72, 116),
(912, '2025-11-06 14:30:00', 'Register 1', 98.00, 8.00, 90.00, 'Completed', 1, 16, 111),
(913, '2025-11-07 09:45:00', 'Mobile Tablet', 30.00, 3.00, 27.00, 'Completed', 6, 9, 101),
(914, '2025-11-07 17:15:00', 'Register 2', 50.00, 0.00, 50.00, 'Completed', 4, 115, 104),
(915, '2025-11-08 12:20:00', 'Register 1', 15.50, 0.00, 15.50, 'Completed', 5, 82, 115),
(916, '2025-11-08 19:00:00', 'Register 1', 110.00, 10.00, 100.00, 'Completed', 1, 111, 116),
(917, '2025-11-09 11:30:00', 'Register 2', 45.00, 0.00, 45.00, 'Completed', 2, 101, 113),
(918, '2025-11-09 14:10:00', 'Mobile Tablet', 22.00, 0.00, 22.00, 'Completed', 3, 52, 101),
(919, '2025-11-10 10:40:00', 'Register 1', 75.00, 5.00, 70.00, 'Completed', 5, 79, 106),
(920, '2025-11-11 16:20:00', 'Register 2', 12.00, 0.00, 12.00, 'Completed', 2, 113, 103),
(921, '2025-11-12 09:55:00', 'Register 1', 140.00, 15.00, 125.00, 'Completed', 1, 71, 120),
(922, '2025-11-12 13:15:00', 'Mobile Tablet', 38.00, 0.00, 38.00, 'Completed', 3, 90, 118),
(923, '2025-11-13 15:45:00', 'Register 2', 60.00, 5.00, 55.00, 'Completed', 4, 74, 112),
(924, '2025-11-14 11:20:00', 'Register 1', 28.00, 0.00, 28.00, 'Completed', 5, 66, 114),
(925, '2025-11-15 18:30:00', 'Register 1', 250.00, 25.00, 225.00, 'Completed', 1, 11, 106);
 
--
-- Dumping data for table `stock`
--
 
INSERT INTO `stock` (`stock_id`, `stock_quantity`, `stock_unitcost`, `stock_totalcost`, `stock_status`, `prod_id`, `exp_id`) VALUES
(301, 100, 15.00, 1500.00, 'In Stock', 1, 1),
(302, 50, 17.01, 850.50, 'In Stock', 23, 2),
(303, 300, 7.00, 2100.00, 'In Stock', 113, 3),
(304, 90, 5.00, 450.00, 'Low Stock', 34, 4),
(305, 35, 10.00, 350.00, 'In Stock', 83, 11),
(306, 18, 10.00, 180.00, 'Low Stock', 91, 12),
(307, 50, 10.00, 500.00, 'In Stock', 111, 13),
(308, 200, 16.00, 3200.00, 'In Stock', 2, 16),
(309, 10, 9.50, 95.00, 'In Stock', 45, 18),
(310, 80, 5.00, 400.00, 'In Stock', 10, 22),
(311, 120, 12.50, 1500.00, 'In Stock', 11, 1),
(312, 60, 14.17, 850.20, 'In Stock', 99, 2),
(313, 150, 14.00, 2100.00, 'Reserved', 73, 3),
(314, 45, 10.00, 450.00, 'Low Stock', 41, 4),
(315, 100, 32.00, 3200.00, 'In Stock', 22, 16),
(316, 40, 10.00, 400.00, 'In Stock', 102, 22),
(317, 25, 20.00, 500.00, 'In Stock', 109, 13),
(318, 10, 35.00, 350.00, 'Low Stock', 97, 11),
(319, 200, 1.75, 350.00, 'In Stock', 121, 11),
(320, 100, 2.50, 250.00, 'In Stock', 100, 15),
(321, 400, 8.00, 3200.00, 'In Stock', 1, 16),
(322, 20, 20.00, 400.00, 'In Stock', 12, 22),
(323, 15, 6.33, 94.95, 'Low Stock', 113, 18),
(324, 80, 10.00, 800.00, 'In Stock', 104, 25),
(325, 50, 5.00, 250.00, 'In Stock', 67, 15);
 
--
-- Dumping data for table `supplier`
--
 
INSERT INTO `supplier` (`supp_id`, `supp_name`, `supp_phoneno`, `supp_email`, `supp_unitnum`, `supp_street`, `supp_neighborhood`, `supp_town`, `supp_state`) VALUES
(101, 'Ayam Brand Marketing Sdn Bhd', '0378945601', 'sales@ayambrand.com.my', 'Lot 15', 'Jalan Industri 3', 'Taman Perindustrian Bukit Raja', 'Shah Alam', 'Selangor'),
(102, 'Marigold HL Malaysia Sdn Bhd', '0167823402', 'inquiry@marigold.com.my', 'No 8', 'Jalan Kilang', 'Taman Perindustrian Bolton', 'Petaling Jaya', 'Selangor'),
(103, 'Nestle Manufacturing Malaysia', '0355678903', 'contact@nestle.com.my', 'No 22-1', 'Jalan Subang 5', 'Subang Industrial Park', 'Subang Jaya', 'Selangor'),
(104, 'Maggi Food Products Malaysia', '0198234504', 'sales@maggi.com.my', 'Lot 22', 'Jalan Perusahaan 4', 'Kawasan Perindustrian Meru', 'Klang', 'Selangor'),
(105, 'Delmonte Foods Malaysia Sdn Bhd', '0145672305', 'info@delmonte.com.my', 'No 45', 'Jalan Perusahaan Satu', 'Taman Industri Puchong', 'Puchong', 'Selangor'),
(106, 'Lee Kum Kee Malaysia Sdn Bhd', '0387651206', 'sales@lkk.com.my', 'Unit 12', 'Jalan Reko', 'Taman Industri', 'Kajang', 'Selangor'),
(107, 'Dutch Lady Milk Industries', '0356789407', 'inquiry@dutchlady.com.my', 'No 1', 'Jalan Pendidikan', 'Section 15', 'Petaling Jaya', 'Selangor'),
(108, 'Anlene Marketing Sdn Bhd', '0321234508', 'contact@anlene.com.my', 'Level 8', 'Jalan Imbi', 'Bukit Bintang', 'Kuala Lumpur', 'Wilayah Persekutuan'),
(109, 'Kraft Foods Malaysia', '0178923409', 'sales@kraft.com.my', 'No 3', 'Jalan Utama 2/1', 'Taman Perindustrian Puchong Utama', 'Shah Alam', 'Selangor'),
(110, 'Philadelphia Trading Malaysia', '0134561210', 'info@philadelphia.com.my', 'Unit 5-2', 'Jalan SS15/4D', 'Kompleks Perniagaan', 'Subang Jaya', 'Selangor'),
(111, 'Farm Fresh Marketing Sdn Bhd', '0367892311', 'sales@farmfresh.com.my', 'Lot 2A', 'Jalan Sungai Buloh', 'Kampung Baru Sungai Buloh', 'Sungai Buloh', 'Selangor'),
(112, 'Vitagen Malaysia Sdn Bhd', '0189456712', 'inquiry@vitagen.com.my', 'No 18', 'Jalan TPP 1/3', 'Taman Perindustrian Puchong', 'Puchong', 'Selangor'),
(113, 'Karak Wangi Food Industries', '0156783413', 'contact@karakwangi.com.my', 'Lot 35', 'Jalan Perusahaan 6', 'Kawasan Perindustrian Rawang', 'Rawang', 'Selangor'),
(114, 'Old Town White Coffee Sdn Bhd', '0342156714', 'sales@oldtown.com.my', 'No 288', 'Jalan Ipoh', 'Taman Wahyu', 'Kuala Lumpur', 'Wilayah Persekutuan'),
(115, 'Milo Malaysia Distribution', '0398761215', 'info@milo.com.my', 'Lot 6', 'Jalan Perindustrian Bukit Minyak', 'Shah Alam Industrial Park', 'Shah Alam', 'Selangor'),
(116, 'Nescafe Malaysia Sdn Bhd', '0167234516', 'contact@nescafe.com.my', 'No 12-3', 'Jalan PJU 1/43', 'Dataran Prima', 'Petaling Jaya', 'Selangor'),
(117, 'Spritzer Malaysia Sdn Bhd', '0545678917', 'sales@spritzer.com.my', 'Lot 1001', 'Jalan Kuala Bikam', 'Kampung Tersusun', 'Taiping', 'Perak'),
(118, 'Drinho Food Industries', '0198723418', 'inquiry@drinho.com.my', 'No 25', 'Jalan Kapar 27/89', 'Taman Klang Jaya', 'Klang', 'Selangor'),
(119, 'Ribena Malaysia Distributors', '0335674519', 'contact@ribena.com.my', 'No 18-2', 'Jalan Serai Wangi', 'Taman Perindustrian UEP', 'Shah Alam', 'Selangor'),
(120, 'Coca Cola Malaysia Sdn Bhd', '0145623920', 'sales@cocacola.com.my', 'Lot 9', 'Jalan Astaka U8/84', 'Seksyen U8 Bukit Jelutong', 'Petaling Jaya', 'Selangor'),
(121, 'F&N Marketing Malaysia', '0378912321', 'info@fn.com.my', 'No 33', 'Jalan TPP 5/15', 'Taman Perindustrian Puchong', 'Puchong', 'Selangor'),
(122, 'Hales Marketing Sdn Bhd', '0189234522', 'contact@hales.com.my', 'Lot 12', 'Jalan Semenyih Sentral 1', 'Taman Industri Semenyih', 'Kajang', 'Selangor'),
(123, 'Horlicks Distribution Malaysia', '0356781223', 'sales@horlicks.com.my', 'Unit 2-8', 'Jalan SS9/19', 'Seksyen 9', 'Subang Jaya', 'Selangor'),
(201, 'Maggi Instant Noodles Malaysia', '0167893424', 'noodles@maggi.com.my', 'Lot 28', 'Jalan Perusahaan Empat', 'Kawasan Perindustrian Meru', 'Shah Alam', 'Selangor'),
(202, 'Mee Sedap Food Industries', '0333456725', 'sales@meesedap.com.my', 'No 45', 'Jalan Kapar Batu 7', 'Taman Klang Utama', 'Klang', 'Selangor'),
(203, 'Cintan Noodles Malaysia', '0198567826', 'info@cintan.com.my', 'Lot 88', 'Jalan Rawang Selayang', 'Taman Perindustrian Selayang', 'Rawang', 'Selangor'),
(204, 'Indomie Malaysia Sdn Bhd', '0145678927', 'contact@indomie.com.my', 'No 25-1', 'Jalan TPP 6/6', 'Taman Industri Puchong', 'Puchong', 'Selangor'),
(205, 'Samyang Foods Malaysia', '0387234528', 'sales@samyang.com.my', 'Unit 8', 'Jalan Semenyih Sentral 6', 'Taman Kajang Sentral', 'Kajang', 'Selangor'),
(301, 'Rota Food Industries', '0156892329', 'inquiry@rota.com.my', 'Lot 92', 'Jalan Industri 5', 'Taman Perindustrian Bukit Raja', 'Shah Alam', 'Selangor'),
(302, 'Mamee Double Decker Malaysia', '0622345630', 'sales@mamee.com.my', 'Lot 1251', 'Jalan Jorak', 'Ayer Keroh Industrial Area', 'Melaka', 'Melaka'),
(303, 'Twisties Snack Foods Malaysia', '0378456731', 'contact@twisties.com.my', 'No 88-2', 'Jalan PJS 11/20', 'Bandar Sunway', 'Petaling Jaya', 'Selangor'),
(304, 'Super Ring Foods Malaysia', '0189673232', 'info@superring.com.my', 'Lot 15', 'Jalan Kapar 27/80', 'Taman Perindustrian Kapar', 'Klang', 'Selangor'),
(305, 'Julie Biscuits Manufacturing', '0345678933', 'sales@julie.com.my', 'No 52', 'Jalan TPP 1/12', 'Taman Industri Puchong', 'Puchong', 'Selangor'),
(306, 'Hup Seng Industries Sdn Bhd', '0542341234', 'inquiry@hupseng.com.my', 'Lot 368', 'Jalan Pasir Puteh', 'Kawasan Perindustrian Jelapang', 'Ipoh', 'Perak'),
(307, 'Kawan Food Manufacturing', '0167894535', 'contact@kawan.com.my', 'Lot 25', 'Jalan Perusahaan 3', 'Taman Perindustrian Puchong Utama', 'Shah Alam', 'Selangor'),
(308, 'Munchy Food Industries', '0628956736', 'sales@munchy.com.my', 'Lot 688', 'Jalan Ayer Keroh', 'Taman Teknologi Ayer Keroh', 'Melaka', 'Melaka'),
(401, 'Habhal Food Products Sdn Bhd', '0398734537', 'info@habhal.com.my', 'No 8', 'Jalan Kapar 27/62', 'Taman Klang Jaya', 'Klang', 'Selangor'),
(402, 'Life Brand Marketing Malaysia', '0178923438', 'sales@life.com.my', 'No 12-5', 'Jalan TPP 2/8', 'Taman Perindustrian Puchong', 'Puchong', 'Selangor'),
(403, 'Agricare Products Malaysia', '0134562339', 'contact@agricare.com.my', 'Lot 35', 'Jalan Semenyih Perdana', 'Taman Kajang Perdana', 'Kajang', 'Selangor'),
(404, 'Cap Payung Industries Sdn Bhd', '0367891240', 'inquiry@cappayung.com.my', 'Lot 18', 'Jalan Perusahaan 2', 'Kawasan Perindustrian Bukit Raja', 'Shah Alam', 'Selangor'),
(405, 'MSM Malaysia Holdings', '0449876541', 'sales@msm.com.my', 'Pejabat Ladang', 'Jalan Gula', 'Chuping', 'Kangar', 'Perlis'),
(406, 'Cap Kipas Udang Trading', '0625673442', 'info@capkipasudang.com.my', 'No 125', 'Jalan Bunga Raya', 'Taman Melaka Raya', 'Melaka', 'Melaka'),
(407, 'Lady Choice Marketing Sdn Bhd', '0189234543', 'contact@ladychoice.com.my', 'Unit 3-12', 'Jalan PJU 8/5', 'Bandar Damansara Perdana', 'Petaling Jaya', 'Selangor'),
(408, 'Adabi Consumer Industries', '0623456744', 'sales@adabi.com.my', 'Lot 1255', 'Jalan Ayer Keroh', 'Taman Perindustrian Ayer Keroh', 'Melaka', 'Melaka'),
(409, 'Babas Spices Malaysia', '0778912345', 'inquiry@babas.com.my', 'No 88', 'Jalan Molek 1/8', 'Taman Molek', 'Johor Bahru', 'Johor'),
(501, 'CP Poultry Farm Malaysia', '0356781246', 'contact@cp.com.my', 'Lot 2255', 'Jalan Nilai', 'Kampung Baharu Nilai', 'Sepang', 'Selangor'),
(502, 'Lay Hong Poultry Farm', '0532345647', 'sales@layhong.com.my', 'Lot 168', 'Jalan Changkat Kinding', 'Changkat Kinding', 'Ipoh', 'Perak'),
(601, 'Gardenia Bakeries Malaysia', '0378945648', 'info@gardenia.com.my', 'Lot 8', 'Jalan Astaka U8/88', 'Seksyen U8 Bukit Jelutong', 'Shah Alam', 'Selangor'),
(602, 'Massimo Bread Malaysia', '0334567849', 'contact@massimo.com.my', 'No 22', 'Jalan Kapar 27/55', 'Taman Klang Perdana', 'Klang', 'Selangor'),
(603, 'Big Apple Donuts Malaysia', '0167892350', 'sales@bigapple.com.my', 'Unit 5-8', 'Jalan SS15/8D', 'Subang Business Centre', 'Subang Jaya', 'Selangor'),
(701, 'Ramly Food Processing Sdn Bhd', '0398761251', 'inquiry@ramly.com.my', 'Lot 1', 'Jalan Perusahaan 6', 'Taman Perindustrian Bukit Raja', 'Shah Alam', 'Selangor'),
(702, 'Ayamas Food Corporation', '0189345652', 'contact@ayamas.com.my', 'Lot 2568', 'Jalan Klang Banting', 'Telok Panglima Garang', 'Banting', 'Selangor'),
(801, 'Walls Ice Cream Malaysia', '0356782353', 'sales@walls.com.my', 'No 18-3', 'Jalan PJS 8/9', 'Mentari Business Park', 'Petaling Jaya', 'Selangor'),
(802, 'King Ice Cream Industries', '0333456754', 'info@king.com.my', 'Lot 25', 'Jalan Kapar 27/92', 'Taman Perindustrian Kapar', 'Klang', 'Selangor'),
(803, 'Cornetto Malaysia Distribution', '0145678955', 'contact@cornetto.com.my', 'Unit 12-2', 'Jalan Kemajuan', 'Seksyen 13', 'Shah Alam', 'Selangor'),
(804, 'Paddle Pop Malaysia Sdn Bhd', '0178923456', 'sales@paddlepop.com.my', 'No 5-6', 'Jalan SS18/6', 'Subang Industrial Estate', 'Subang Jaya', 'Selangor'),
(901, 'Mama Lemon Malaysia Sdn Bhd', '0387654557', 'inquiry@mamalemon.com.my', 'Lot 18', 'Jalan TPP 3/6', 'Taman Perindustrian Puchong', 'Puchong', 'Selangor'),
(902, 'Breeze Detergent Malaysia', '0334123458', 'contact@breeze.com.my', 'No 8-2', 'Jalan Kapar Batu 10', 'Kawasan Perindustrian Kapar', 'Klang', 'Selangor'),
(903, 'SC Johnson Malaysia (Mr Muscle)', '0356789159', 'sales@scjohnson.com.my', 'No 55', 'Jalan PJU 1/37', 'Dataran Prima', 'Petaling Jaya', 'Selangor'),
(904, 'Dettol Reckitt Malaysia', '0198567860', 'info@dettol.com.my', 'Lot 6-8', 'Jalan Perusahaan 4', 'Taman Perindustrian Bukit Raja', 'Shah Alam', 'Selangor'),
(905, 'Watsons Personal Care Malaysia', '0321456761', 'contact@watsons.com.my', 'Unit 10-2', 'Jalan SS15/4', 'Subang Square', 'Subang Jaya', 'Selangor'),
(906, 'Softlan Malaysia Sdn Bhd', '0389234562', 'sales@softlan.com.my', 'Lot 22', 'Jalan Semenyih Sentral 8', 'Taman Kajang Utama', 'Kajang', 'Selangor'),
(907, 'Magiclean Products Malaysia', '0167823463', 'inquiry@magiclean.com.my', 'No 15-3', 'Jalan TPP 5/12', 'Taman Industri Puchong', 'Puchong', 'Selangor'),
(911, 'Lux Unilever Malaysia', '0345671264', 'contact@unilever.com.my', 'No 1', 'Jalan Kewajipan', 'Section 13', 'Petaling Jaya', 'Selangor'),
(912, 'Rejoice Hair Care Malaysia', '0398762365', 'sales@rejoice.com.my', 'Lot 5', 'Jalan Perusahaan 8', 'Taman Perindustrian Bukit Raja', 'Shah Alam', 'Selangor'),
(913, 'Colgate Palmolive Malaysia', '0333451266', 'info@colgate.com.my', 'No 28-2', 'Jalan Kapar 27/105', 'Taman Klang Utama', 'Klang', 'Selangor'),
(914, 'Oral-B Malaysia Sdn Bhd', '0167894567', 'contact@oralb.com.my', 'Unit 8-5', 'Jalan SS18/1D', 'Subang Business Centre', 'Subang Jaya', 'Selangor'),
(915, 'Olay Skin Care Malaysia', '0189234568', 'sales@olay.com.my', 'No 12-8', 'Jalan PJU 8/3', 'Bandar Damansara Perdana', 'Petaling Jaya', 'Selangor'),
(916, 'Hazeline Marketing Malaysia', '0378923469', 'inquiry@hazeline.com.my', 'Lot 8-2', 'Jalan TPP 2/15', 'Taman Perindustrian Puchong', 'Puchong', 'Selangor'),
(917, 'Rexona Personal Care Malaysia', '0134567870', 'contact@rexona.com.my', 'Lot 15', 'Jalan Perusahaan 5', 'Kawasan Perindustrian Bukit Raja', 'Shah Alam', 'Selangor'),
(921, 'Kleenex Kimberly Clark Malaysia', '0356789271', 'sales@kleenex.com.my', 'Lot 3', 'Jalan Perusahaan 1', 'Taman Perindustrian Bukit Raja', 'Shah Alam', 'Selangor'),
(922, 'Scott Paper Malaysia Sdn Bhd', '0333456772', 'info@scott.com.my', 'No 5-3', 'Jalan Kapar 27/78', 'Taman Kapar Indah', 'Klang', 'Selangor'),
(931, 'Drypers Malaysia Corporation', '0389123473', 'contact@drypers.com.my', 'No 88-5', 'Jalan PJS 11/15', 'Bandar Sunway', 'Petaling Jaya', 'Selangor'),
(932, 'Johnson & Johnson Malaysia', '0167823474', 'sales@jnj.com.my', 'Unit 12-3', 'Jalan SS16/1', 'Subang Healthcare Park', 'Subang Jaya', 'Selangor'),
(933, 'Pureen Baby Care Malaysia', '0398761275', 'inquiry@pureen.com.my', 'Lot 28-2', 'Jalan TPP 4/8', 'Taman Industri Puchong', 'Puchong', 'Selangor'),
(941, 'Pilot Pen Malaysia Sdn Bhd', '0345678976', 'contact@pilot.com.my', 'Lot 22', 'Jalan Perusahaan 3', 'Taman Perindustrian Bukit Raja', 'Shah Alam', 'Selangor'),
(942, 'Faber Castell Malaysia', '0178923477', 'sales@fabercastell.com.my', 'No 15-8', 'Jalan PJU 3/49', 'Sunway Damansara', 'Petaling Jaya', 'Selangor'),
(943, 'Campus Stationery Malaysia', '0333456778', 'info@campus.com.my', 'Lot 8', 'Jalan Kapar 27/88', 'Taman Klang Jaya', 'Klang', 'Selangor'),
(944, 'Paper One Malaysia Sdn Bhd', '0356782379', 'contact@paperone.com.my', 'No 1-5', 'Jalan SS15/2A', 'Subang Industrial Park', 'Subang Jaya', 'Selangor'),
(945, 'Butterfly Stationery Malaysia', '0198456780', 'sales@butterfly.com.my', 'Unit 5-2', 'Jalan TPP 1/18', 'Taman Perindustrian Puchong', 'Puchong', 'Selangor'),
(946, 'Kores Malaysia Sdn Bhd', '0387654581', 'inquiry@kores.com.my', 'Lot 12-3', 'Jalan Kemajuan', 'Seksyen 13', 'Shah Alam', 'Selangor'),
(951, 'GlaxoSmithKline Malaysia (Panadol)', '0367891282', 'contact@gsk.com.my', 'No 1', 'Jalan Damansara', 'Damansara Heights', 'Petaling Jaya', 'Selangor'),
(952, 'Axe Brand Marketing Malaysia', '0333451283', 'sales@axebrand.com.my', 'Lot 35', 'Jalan Kapar 27/98', 'Taman Klang Perdana', 'Klang', 'Selangor'),
(953, 'Minyak Gamat Malaysia Sdn Bhd', '0623456784', 'info@gamat.com.my', 'No 88', 'Jalan Bunga Raya', 'Taman Melaka Indah', 'Melaka', 'Melaka'),
(954, 'Hansaplast Malaysia Sdn Bhd', '0145678985', 'contact@hansaplast.com.my', 'Unit 8-2', 'Jalan Perusahaan 2', 'Taman Perindustrian Bukit Raja', 'Shah Alam', 'Selangor'),
(955, 'Betadine Malaysia Healthcare', '0178923486', 'sales@betadine.com.my', 'No 5-8', 'Jalan SS18/5D', 'Subang Medical Centre', 'Subang Jaya', 'Selangor'),
(956, 'Strepsils Malaysia Sdn Bhd', '0356784587', 'inquiry@strepsils.com.my', 'Lot 12-5', 'Jalan PJU 1/42A', 'Dataran Prima', 'Petaling Jaya', 'Selangor'),
(961, 'Cadbury Malaysia Sdn Bhd', '0398761288', 'contact@cadbury.com.my', 'Lot 2', 'Jalan Perusahaan 10', 'Taman Perindustrian Bukit Raja', 'Shah Alam', 'Selangor'),
(962, 'Polo Confectionery Malaysia', '0334512389', 'sales@polo.com.my', 'No 22-3', 'Jalan Kapar 27/115', 'Taman Klang Jaya', 'Klang', 'Selangor'),
(963, 'Mentos Malaysia Distribution', '0189234590', 'info@mentos.com.my', 'Unit 15-2', 'Jalan PJS 8/15', 'Mentari Business Park', 'Petaling Jaya', 'Selangor'),
(964, 'Choki Choki Malaysia Sdn Bhd', '0167893491', 'contact@chokichoki.com.my', 'Lot 5-8', 'Jalan SS16/3', 'Subang Square', 'Subang Jaya', 'Selangor'),
(965, 'Kopiko Malaysia Industries', '0378912392', 'sales@kopiko.com.my', 'No 18-5', 'Jalan TPP 6/12', 'Taman Industri Puchong', 'Puchong', 'Selangor'),
(971, 'Lion Star Plasticware Malaysia', '0356782393', 'inquiry@lionstar.com.my', 'Lot 88', 'Jalan Perusahaan 7', 'Taman Perindustrian Bukit Raja', 'Shah Alam', 'Selangor'),
(972, 'Kuat Trading Malaysia Sdn Bhd', '0334561294', 'contact@kuat.com.my', 'No 12-8', 'Jalan Kapar 27/122', 'Kawasan Perindustrian Kapar', 'Klang', 'Selangor'),
(973, 'Scotch Brite Malaysia Sdn Bhd', '0189673495', 'sales@scotchbrite.com.my', 'Unit 3-5', 'Jalan PJU 3/45', 'Sunway Damansara', 'Petaling Jaya', 'Selangor'),
(974, 'Harpic Cleaning Malaysia', '0398761296', 'info@harpic.com.my', 'Lot 5-2', 'Jalan Perusahaan 12', 'Taman Perindustrian Bukit Raja', 'Shah Alam', 'Selangor'),
(975, 'Ridsect Malaysia Sdn Bhd', '0145672397', 'contact@ridsect.com.my', 'No 25-8', 'Jalan TPP 5/18', 'Taman Perindustrian Puchong', 'Puchong', 'Selangor'),
(976, 'Claris Homeware Malaysia', '0387234598', 'sales@claris.com.my', 'Unit 8-3', 'Jalan Semenyih Sentral 5', 'Taman Kajang Sentral', 'Kajang', 'Selangor'),
(977, 'Lock & Lock Malaysia Sdn Bhd', '0378923499', 'inquiry@locknlock.com.my', 'Lot 15-2', 'Jalan Reko', 'Taman Industri', 'Kajang', 'Selangor'),
(978, 'Addis Housewares Malaysia', '0334512300', 'contact@addis.com.my', 'No 5-12', 'Jalan PJS 11/22', 'Bandar Sunway', 'Petaling Jaya', 'Selangor'),
(979, 'Kleeno Cleaning Malaysia', '0167894501', 'sales@kleeno.com.my', 'Lot 22-5', 'Jalan Kapar 27/135', 'Taman Klang Utama', 'Klang', 'Selangor'),
(980, 'Diamond Foil Malaysia Sdn Bhd', '0398761202', 'info@diamond.com.my', 'Unit 12-8', 'Jalan Perusahaan 15', 'Taman Perindustrian Bukit Raja', 'Shah Alam', 'Selangor'),
(981, 'Glad Products Malaysia', '0189234503', 'contact@glad.com.my', 'No 8-15', 'Jalan SS18/3B', 'Subang Business Park', 'Subang Jaya', 'Selangor'),
(982, 'Pro Hardware Malaysia', '0356781204', 'sales@pro.com.my', 'Lot 35-2', 'Jalan TPP 2/22', 'Taman Industri Puchong', 'Puchong', 'Selangor');